chr1	144086099	144086898	IGKV1OR1-1	V	IGK	3prime
chr10	42185792	42186591	IGKV1OR10-1	V	IGK	3prime
chr10_KI270824v1_alt	83646	84445	IGKV1OR10-1	V	IGK	3prime
chr14	22438555	22439015	TRDD1	D	TRA_TRD	3prime
chr14	22439016	22439815	TRDD2	D	TRA_TRD	3prime
chr14	22449126	22449925	TRDD3	D	TRA_TRD	3prime
chr14	105864751	105865550	IGHD7-27	D	IGH	3prime
chr14	105880234	105881033	IGHD1-26	D	IGH	3prime
chr14	105881034	105881538	IGHD6-25	D	IGH	3prime
chr14	105883103	105883902	IGHD5-24	D	IGH	3prime
chr14	105884070	105884869	IGHD4-23	D	IGH	3prime
chr14	105885231	105886030	IGHD3-22	D	IGH	3prime
chr14	105887751	105888550	IGHD2-21	D	IGH	3prime
chr14	105890391	105891190	IGHD1-20	D	IGH	3prime
chr14	105891191	105891698	IGHD6-19	D	IGH	3prime
chr14	105892742	105893541	IGHD5-18	D	IGH	3prime
chr14	105893708	105894507	IGHD4-17	D	IGH	3prime
chr14	105894834	105895633	IGHD3-16	D	IGH	3prime
chr14	105897157	105897956	IGHD2-15	D	IGH	3prime
chr14	105899838	105900637	IGHD1-14	D	IGH	3prime
chr14	105900638	105901141	IGHD6-13	D	IGH	3prime
chr14	105901849	105902648	IGHD5-12	D	IGH	3prime
chr14	105902816	105903615	IGHD4-11	D	IGH	3prime
chr14	105903697	105904496	IGHD3-10	D	IGH	3prime
chr14	105904497	105904680	IGHD3-9	D	IGH	3prime
chr14	105906411	105907210	IGHD2-8	D	IGH	3prime
chr14	105909107	105909906	IGHD1-7	D	IGH	3prime
chr14	105909907	105910409	IGHD6-6	D	IGH	3prime
chr14	105911457	105912256	IGHD5-5	D	IGH	3prime
chr14	105912422	105913221	IGHD4-4	D	IGH	3prime
chr14	105913559	105914358	IGHD3-3	D	IGH	3prime
chr14	105916026	105916825	IGHD2-2	D	IGH	3prime
chr14	105918702	105919501	IGHD1-1	D	IGH	3prime
chr14	22437747	22438546	TRDD1	D	TRA_TRD	5prime
chr14	22438547	22439006	TRDD2	D	TRA_TRD	5prime
chr14	22448313	22449112	TRDD3	D	TRA_TRD	5prime
chr14	105865562	105866361	IGHD7-27	D	IGH	5prime
chr14	105881054	105881556	IGHD1-26	D	IGH	5prime
chr14	105881557	105882356	IGHD6-25	D	IGH	5prime
chr14	105883923	105884722	IGHD5-24	D	IGH	5prime
chr14	105884889	105885688	IGHD4-23	D	IGH	5prime
chr14	105886062	105886861	IGHD3-22	D	IGH	5prime
chr14	105888579	105889378	IGHD2-21	D	IGH	5prime
chr14	105891208	105891719	IGHD1-20	D	IGH	5prime
chr14	105891720	105892519	IGHD6-19	D	IGH	5prime
chr14	105893562	105894361	IGHD5-18	D	IGH	5prime
chr14	105894524	105895323	IGHD4-17	D	IGH	5prime
chr14	105895671	105896470	IGHD3-16	D	IGH	5prime
chr14	105897988	105898787	IGHD2-15	D	IGH	5prime
chr14	105900655	105901162	IGHD1-14	D	IGH	5prime
chr14	105901163	105901962	IGHD6-13	D	IGH	5prime
chr14	105902672	105903471	IGHD5-12	D	IGH	5prime
chr14	105903632	105904431	IGHD4-11	D	IGH	5prime
chr14	105904528	105904711	IGHD3-10	D	IGH	5prime
chr14	105904712	105905511	IGHD3-9	D	IGH	5prime
chr14	105907242	105908041	IGHD2-8	D	IGH	5prime
chr14	105909924	105910427	IGHD1-7	D	IGH	5prime
chr14	105910428	105911227	IGHD6-6	D	IGH	5prime
chr14	105912277	105913076	IGHD5-5	D	IGH	5prime
chr14	105913238	105914037	IGHD4-4	D	IGH	5prime
chr14	105914390	105915189	IGHD3-3	D	IGH	5prime
chr14	105916857	105917656	IGHD2-2	D	IGH	5prime
chr14	105919519	105920318	IGHD1-1	D	IGH	5prime
chr14	22449289	22450088	TRDJ1	J	TRA_TRD	5prime
chr14	22454449	22455248	TRDJ4	J	TRA_TRD	5prime
chr14	22455889	22456688	TRDJ2	J	TRA_TRD	5prime
chr14	22458298	22459097	TRDJ3	J	TRA_TRD	5prime
chr14	22474516	22475315	TRAJ61	J	TRA_TRD	5prime
chr14	22475506	22476305	TRAJ60	J	TRA_TRD	5prime
chr14	22476306	22476552	TRAJ59	J	TRA_TRD	5prime
chr14	22476907	22477706	TRAJ58	J	TRA_TRD	5prime
chr14	22478072	22478871	TRAJ57	J	TRA_TRD	5prime
chr14	22478872	22479520	TRAJ56	J	TRA_TRD	5prime
chr14	22480897	22481696	TRAJ55	J	TRA_TRD	5prime
chr14	22481697	22482286	TRAJ54	J	TRA_TRD	5prime
chr14	22482287	22483003	TRAJ53	J	TRA_TRD	5prime
chr14	22485428	22486227	TRAJ52	J	TRA_TRD	5prime
chr14	22486383	22487182	TRAJ51	J	TRA_TRD	5prime
chr14	22487793	22488592	TRAJ50	J	TRA_TRD	5prime
chr14	22488688	22489487	TRAJ49	J	TRA_TRD	5prime
chr14	22489691	22490490	TRAJ48	J	TRA_TRD	5prime
chr14	22492051	22492850	TRAJ47	J	TRA_TRD	5prime
chr14	22492851	22493402	TRAJ46	J	TRA_TRD	5prime
chr14	22493403	22493924	TRAJ45	J	TRA_TRD	5prime
chr14	22494021	22494820	TRAJ44	J	TRA_TRD	5prime
chr14	22495113	22495912	TRAJ43	J	TRA_TRD	5prime
chr14	22496087	22496886	TRAJ42	J	TRA_TRD	5prime
chr14	22496887	22497656	TRAJ41	J	TRA_TRD	5prime
chr14	22498889	22499688	TRAJ40	J	TRA_TRD	5prime
chr14	22500801	22501600	TRAJ39	J	TRA_TRD	5prime
chr14	22501601	22502230	TRAJ38	J	TRA_TRD	5prime
chr14	22502950	22503749	TRAJ37	J	TRA_TRD	5prime
chr14	22504310	22505109	TRAJ36	J	TRA_TRD	5prime
chr14	22505844	22506643	TRAJ35	J	TRA_TRD	5prime
chr14	22506866	22507665	TRAJ34	J	TRA_TRD	5prime
chr14	22507802	22508601	TRAJ33	J	TRA_TRD	5prime
chr14	22508602	22509340	TRAJ32	J	TRA_TRD	5prime
chr14	22510168	22510967	TRAJ31	J	TRA_TRD	5prime
chr14	22512052	22512851	TRAJ30	J	TRA_TRD	5prime
chr14	22513139	22513938	TRAJ29	J	TRA_TRD	5prime
chr14	22514823	22515622	TRAJ28	J	TRA_TRD	5prime
chr14	22515623	22516272	TRAJ27	J	TRA_TRD	5prime
chr14	22517646	22518445	TRAJ26	J	TRA_TRD	5prime
chr14	22518446	22518811	TRAJ25	J	TRA_TRD	5prime
chr14	22519169	22519968	TRAJ24	J	TRA_TRD	5prime
chr14	22519969	22520415	TRAJ23	J	TRA_TRD	5prime
chr14	22521240	22522039	TRAJ22	J	TRA_TRD	5prime
chr14	22522800	22523599	TRAJ21	J	TRA_TRD	5prime
chr14	22523600	22524324	TRAJ20	J	TRA_TRD	5prime
chr14	22524463	22525262	TRAJ19	J	TRA_TRD	5prime
chr14	22525263	22525649	TRAJ18	J	TRA_TRD	5prime
chr14	22526044	22526843	TRAJ17	J	TRA_TRD	5prime
chr14	22527727	22528526	TRAJ16	J	TRA_TRD	5prime
chr14	22529527	22530326	TRAJ14	J	TRA_TRD	5prime
chr14	22530327	22531075	TRAJ13	J	TRA_TRD	5prime
chr14	22531139	22531938	TRAJ12	J	TRA_TRD	5prime
chr14	22531939	22532501	TRAJ11	J	TRA_TRD	5prime
chr14	22532697	22533496	TRAJ10	J	TRA_TRD	5prime
chr14	22534754	22535553	TRAJ9	J	TRA_TRD	5prime
chr14	22535554	22536144	TRAJ8	J	TRA_TRD	5prime
chr14	22536822	22537621	TRAJ7	J	TRA_TRD	5prime
chr14	22538273	22539072	TRAJ6	J	TRA_TRD	5prime
chr14	22539447	22540246	TRAJ5	J	TRA_TRD	5prime
chr14	22541399	22542198	TRAJ4	J	TRA_TRD	5prime
chr14	22542379	22543178	TRAJ3	J	TRA_TRD	5prime
chr14	22543271	22544070	TRAJ2	J	TRA_TRD	5prime
chr14	22544237	22545036	TRAJ1	J	TRA_TRD	5prime
chr14	105863259	105863465	IGHJ6	J	IGH	5prime
chr14	105863466	105863862	IGHJ3P	J	IGH	5prime
chr14	105863863	105864260	IGHJ5	J	IGH	5prime
chr14	105864261	105864635	IGHJ4	J	IGH	5prime
chr14	105864636	105864852	IGHJ3	J	IGH	5prime
chr14	105864853	105865250	IGHJ2P	J	IGH	5prime
chr14	105865251	105865458	IGHJ2	J	IGH	5prime
chr14	105865459	105865678	IGHJ1	J	IGH	5prime
chr14	105865679	105866478	IGHJ1P	J	IGH	5prime
chr14	21622568	21623367	TRAV1-1	V	TRA_TRD	3prime
chr14	21643579	21644378	TRAV1-2	V	TRA_TRD	3prime
chr14	21712844	21713643	TRAV2	V	TRA_TRD	3prime
chr14	21724322	21725121	TRAV3	V	TRA_TRD	3prime
chr14	21736983	21737782	TRAV4	V	TRA_TRD	3prime
chr14	21749706	21750505	TRAV5	V	TRA_TRD	3prime
chr14	21769081	21769880	TRAV6	V	TRA_TRD	3prime
chr14	21783504	21784303	TRAV7	V	TRA_TRD	3prime
chr14	21797887	21798686	TRAV8-1	V	TRA_TRD	3prime
chr14	21811978	21812777	TRAV9-1	V	TRA_TRD	3prime
chr14	21826076	21826875	TRAV10	V	TRA_TRD	3prime
chr14	21830071	21830870	TRAV11	V	TRA_TRD	3prime
chr14	21841775	21842574	TRAV12-1	V	TRA_TRD	3prime
chr14	21847222	21848021	TRAV8-2	V	TRA_TRD	3prime
chr14	21853007	21853806	TRAV8-3	V	TRA_TRD	3prime
chr14	21869366	21870165	TRAV13-1	V	TRA_TRD	3prime
chr14	21888503	21889302	TRAV12-2	V	TRA_TRD	3prime
chr14	21895031	21895830	TRAV8-4	V	TRA_TRD	3prime
chr14	21904599	21905398	TRAV8-5	V	TRA_TRD	3prime
chr14	21918757	21919556	TRAV13-2	V	TRA_TRD	3prime
chr14	21924652	21925451	TRAV14DV4	V	TRA_TRD	3prime
chr14	21941658	21942457	TRAV9-2	V	TRA_TRD	3prime
chr14	21950655	21951454	TRAV15	V	TRA_TRD	3prime
chr14	21966062	21966861	TRAV12-3	V	TRA_TRD	3prime
chr14	21979121	21979920	TRAV8-6	V	TRA_TRD	3prime
chr14	21990939	21991738	TRAV16	V	TRA_TRD	3prime
chr14	21998169	21998968	TRAV17	V	TRA_TRD	3prime
chr14	22003674	22004473	TRAV18	V	TRA_TRD	3prime
chr14	22008182	22008981	TRAV19	V	TRA_TRD	3prime
chr14	22041154	22041953	TRAV20	V	TRA_TRD	3prime
chr14	22053057	22053856	TRAV21	V	TRA_TRD	3prime
chr14	22071209	22072008	TRAV22	V	TRA_TRD	3prime
chr14	22086962	22087761	TRAV23DV6	V	TRA_TRD	3prime
chr14	22096620	22097419	TRDV1	V	TRA_TRD	3prime
chr14	22105847	22106646	TRAV24	V	TRA_TRD	3prime
chr14	22113032	22113831	TRAV25	V	TRA_TRD	3prime
chr14	22124286	22125085	TRAV26-1	V	TRA_TRD	3prime
chr14	22133035	22133834	TRAV8-7	V	TRA_TRD	3prime
chr14	22148634	22149433	TRAV27	V	TRA_TRD	3prime
chr14	22155639	22156438	TRAV28	V	TRA_TRD	3prime
chr14	22163871	22164670	TRAV29DV5	V	TRA_TRD	3prime
chr14	22168989	22169788	TRAV30	V	TRA_TRD	3prime
chr14	22177865	22178664	TRAV31	V	TRA_TRD	3prime
chr14	22186058	22186857	TRAV32	V	TRA_TRD	3prime
chr14	22190714	22191513	TRAV33	V	TRA_TRD	3prime
chr14	22203369	22204168	TRAV26-2	V	TRA_TRD	3prime
chr14	22208130	22208929	TRAV34	V	TRA_TRD	3prime
chr14	22222476	22223275	TRAV35	V	TRA_TRD	3prime
chr14	22227255	22228054	TRAV36DV7	V	TRA_TRD	3prime
chr14	22266265	22267064	TRAV37	V	TRA_TRD	3prime
chr14	22272564	22273363	TRAV38-1	V	TRA_TRD	3prime
chr14	22281749	22282548	TRAV38-2DV8	V	TRA_TRD	3prime
chr14	22304554	22305353	TRAV39	V	TRA_TRD	3prime
chr14	22314920	22315719	TRAV40	V	TRA_TRD	3prime
chr14	22320692	22321491	TRAV41	V	TRA_TRD	3prime
chr14	22386826	22387625	deltaRec	V	TRA_TRD	3prime
chr14	22423043	22423842	TRDV2	V	TRA_TRD	3prime
chr14	22468241	22469040	TRDV3	V	TRA_TRD	3prime
chr14	105938956	105939755	IGHV6-1	V	IGH	3prime
chr14	105944410	105945209	IGHVII-1-1	V	IGH	3prime
chr14	105985782	105986581	IGHV1-2	V	IGH	3prime
chr14	106000734	106001533	IGHVIII-2-1	V	IGH	3prime
chr14	106004295	106005094	IGHV1-3	V	IGH	3prime
chr14	106011122	106011921	IGHV4-4	V	IGH	3prime
chr14	106024345	106025144	IGHV7-4-1	V	IGH	3prime
chr14	106037102	106037901	IGHV2-5	V	IGH	3prime
chr14	106038866	106039665	IGHVIII-5-1	V	IGH	3prime
chr14	106044800	106045599	IGHVIII-5-2	V	IGH	3prime
chr14	106054749	106055548	IGHV3-6	V	IGH	3prime
chr14	106061351	106062150	IGHV3-7	V	IGH	3prime
chr14	106087322	106088121	IGHV3-64D	V	IGH	3prime
chr14	106107172	106107971	IGHV5-10-1	V	IGH	3prime
chr14	106115835	106116634	IGHV3-11	V	IGH	3prime
chr14	106119407	106120206	IGHVIII-11-1	V	IGH	3prime
chr14	106121620	106122419	IGHV1-12	V	IGH	3prime
chr14	106128740	106129539	IGHV3-13	V	IGH	3prime
chr14	106141487	106142286	IGHVIII-13-1	V	IGH	3prime
chr14	106145091	106145890	IGHV1-14	V	IGH	3prime
chr14	106152824	106153623	IGHV3-15	V	IGH	3prime
chr14	106162783	106163582	IGHVII-15-1	V	IGH	3prime
chr14	106164405	106165204	IGHV3-16	V	IGH	3prime
chr14	106169949	106170748	IGHVIII-16-1	V	IGH	3prime
chr14	106173542	106174341	IGHV1-17	V	IGH	3prime
chr14	106184101	106184900	IGHV1-18	V	IGH	3prime
chr14	106195900	106196699	IGHV3-19	V	IGH	3prime
chr14	106210136	106210935	IGHV3-20	V	IGH	3prime
chr14	106234264	106235063	IGHV3-21	V	IGH	3prime
chr14	106256962	106257761	IGHV3-22	V	IGH	3prime
chr14	106262562	106263361	IGHVII-22-1	V	IGH	3prime
chr14	106263888	106264687	IGHVIII-22-2	V	IGH	3prime
chr14	106267806	106268605	IGHV3-23	V	IGH	3prime
chr14	106275748	106276547	IGHV1-24	V	IGH	3prime
chr14	106288229	106289028	IGHV3-25	V	IGH	3prime
chr14	106292768	106293567	IGHVIII-25-1	V	IGH	3prime
chr14	106300596	106301395	IGHV2-26	V	IGH	3prime
chr14	106308617	106309416	IGHVIII-26-1	V	IGH	3prime
chr14	106313851	106314650	IGHVII-26-2	V	IGH	3prime
chr14	106317023	106317822	IGHV7-27	V	IGH	3prime
chr14	106323454	106324253	IGHV4-28	V	IGH	3prime
chr14	106328632	106329431	IGHVII-28-1	V	IGH	3prime
chr14	106330306	106331105	IGHV3-32	V	IGH	3prime
chr14	106334282	106335081	IGHV3-30	V	IGH	3prime
chr14	106341880	106342679	IGHVII-30-1	V	IGH	3prime
chr14	106343585	106344384	IGHV3-30-2	V	IGH	3prime
chr14	106348483	106349282	IGHV4-31	V	IGH	3prime
chr14	106353648	106354447	IGHVII-30-21	V	IGH	3prime
chr14	106355345	106356144	IGHV3-29	V	IGH	3prime
chr14	106358993	106359792	IGHV3-33	V	IGH	3prime
chr14	106366585	106367384	IGHVII-33-1	V	IGH	3prime
chr14	106368307	106369106	IGHV3-33-2	V	IGH	3prime
chr14	106372863	106373662	IGHV4-34	V	IGH	3prime
chr14	106376500	106377299	IGHV7-34-1	V	IGH	3prime
chr14	106388592	106389391	IGHV3-35	V	IGH	3prime
chr14	106391974	106392773	IGHV3-36	V	IGH	3prime
chr14	106395876	106396675	IGHV3-37	V	IGH	3prime
chr14	106409693	106410492	IGHV3-38	V	IGH	3prime
chr14	106417218	106418017	IGHVIII-38-1	V	IGH	3prime
chr14	106420911	106421710	IGHV4-39	V	IGH	3prime
chr14	106424559	106425358	IGHV7-40	V	IGH	3prime
chr14	106440150	106440949	IGHVII-40-1	V	IGH	3prime
chr14	106442333	106443132	IGHV3-41	V	IGH	3prime
chr14	106462456	106463255	IGHV3-42	V	IGH	3prime
chr14	106469464	106470263	IGHV3-43	V	IGH	3prime
chr14	106471991	106472790	IGHVII-43-1	V	IGH	3prime
chr14	106477206	106478005	IGHVIII-44	V	IGH	3prime
chr14	106488545	106489344	IGHVIV-44-1	V	IGH	3prime
chr14	106493334	106494133	IGHVII-44-2	V	IGH	3prime
chr14	106506196	106506995	IGHV1-45	V	IGH	3prime
chr14	106510317	106511116	IGHV1-46	V	IGH	3prime
chr14	106515018	106515817	IGHVII-46-1	V	IGH	3prime
chr14	106517782	106518581	IGHV3-47	V	IGH	3prime
chr14	106530341	106531140	IGHVIII-47-1	V	IGH	3prime
chr14	106537010	106537809	IGHV3-48	V	IGH	3prime
chr14	106556136	106556935	IGHV3-49	V	IGH	3prime
chr14	106563575	106564374	IGHVII-49-1	V	IGH	3prime
chr14	106565317	106566116	IGHV3-50	V	IGH	3prime
chr14	106577944	106578743	IGHV5-51	V	IGH	3prime
chr14	106582701	106583500	IGHV8-51-1	V	IGH	3prime
chr14	106583918	106584717	IGHVII-51-2	V	IGH	3prime
chr14	106585576	106586375	IGHV3-52	V	IGH	3prime
chr14	106591876	106592675	IGHV3-53	V	IGH	3prime
chr14	106598870	106599669	IGHVII-53-1	V	IGH	3prime
chr14	106600546	106601345	IGHV3-54	V	IGH	3prime
chr14	106605301	106606100	IGHV4-55	V	IGH	3prime
chr14	106608962	106609761	IGHV7-56	V	IGH	3prime
chr14	106618094	106618893	IGHV3-57	V	IGH	3prime
chr14	106621557	106622356	IGHV1-58	V	IGH	3prime
chr14	106626449	106627248	IGHV4-59	V	IGH	3prime
chr14	106630397	106631196	IGHV3-60	V	IGH	3prime
chr14	106636918	106637717	IGHVII-60-1	V	IGH	3prime
chr14	106638319	106639118	IGHV4-61	V	IGH	3prime
chr14	106642342	106643141	IGHV3-62	V	IGH	3prime
chr14	106649751	106650550	IGHVII-62-1	V	IGH	3prime
chr14	106651437	106652236	IGHV3-63	V	IGH	3prime
chr14	106656925	106657724	IGHV3-64	V	IGH	3prime
chr14	106665292	106666091	IGHV3-65	V	IGH	3prime
chr14	106670972	106671771	IGHVII-65-1	V	IGH	3prime
chr14	106674217	106675016	IGHV3-66	V	IGH	3prime
chr14	106679803	106680602	IGHV1-67	V	IGH	3prime
chr14	106685717	106686516	IGHVII-67-1	V	IGH	3prime
chr14	106686517	106687112	IGHVIII-67-2	V	IGH	3prime
chr14	106691857	106692656	IGHVIII-67-3	V	IGH	3prime
chr14	106694302	106695101	IGHVIII-67-4	V	IGH	3prime
chr14	106703046	106703845	IGHV1-68	V	IGH	3prime
chr14	106713884	106714683	IGHV1-69	V	IGH	3prime
chr14	106722774	106723573	IGHV2-70D	V	IGH	3prime
chr14	106727363	106728162	IGHV3-69-1	V	IGH	3prime
chr14	106736310	106737109	IGHV1-69-2	V	IGH	3prime
chr14	106761292	106762091	IGHV1-69D	V	IGH	3prime
chr14	106769777	106770576	IGHV2-70	V	IGH	3prime
chr14	106774357	106775156	IGHV3-71	V	IGH	3prime
chr14	106789894	106790693	IGHV3-72	V	IGH	3prime
chr14	106801894	106802693	IGHV3-73	V	IGH	3prime
chr14	106809642	106810441	IGHV3-74	V	IGH	3prime
chr14	106820374	106821173	IGHVII-74-1	V	IGH	3prime
chr14	106822887	106823686	IGHV3-75	V	IGH	3prime
chr14	106827069	106827868	IGHV3-76	V	IGH	3prime
chr14	106830967	106831766	IGHVIII-76-1	V	IGH	3prime
chr14	106850323	106851122	IGHV5-78	V	IGH	3prime
chr14	106864827	106865626	IGHVII-78-1	V	IGH	3prime
chr14	106866860	106867659	IGHV3-79	V	IGH	3prime
chr14	106871983	106872782	IGHV4-80	V	IGH	3prime
chr14	106873783	106874582	IGHV7-81	V	IGH	3prime
chr14	106878763	106879562	IGHVIII-82	V	IGH	3prime
chr14_KI270846v1_alt	332520	333319	IGHD7-27	D	IGH	3prime
chr14_KI270846v1_alt	348003	348802	IGHD1-26	D	IGH	3prime
chr14_KI270846v1_alt	348803	349307	IGHD6-25	D	IGH	3prime
chr14_KI270846v1_alt	350872	351671	IGHD5-24	D	IGH	3prime
chr14_KI270846v1_alt	351839	352638	IGHD4-23	D	IGH	3prime
chr14_KI270846v1_alt	353000	353799	IGHD3-22	D	IGH	3prime
chr14_KI270846v1_alt	355520	356319	IGHD2-21	D	IGH	3prime
chr14_KI270846v1_alt	358160	358959	IGHD1-20	D	IGH	3prime
chr14_KI270846v1_alt	358960	359467	IGHD6-19	D	IGH	3prime
chr14_KI270846v1_alt	360511	361310	IGHD5-18	D	IGH	3prime
chr14_KI270846v1_alt	361477	362276	IGHD4-17	D	IGH	3prime
chr14_KI270846v1_alt	362603	363402	IGHD3-16	D	IGH	3prime
chr14_KI270846v1_alt	364926	365725	IGHD2-15	D	IGH	3prime
chr14_KI270846v1_alt	367607	368406	IGHD1-14	D	IGH	3prime
chr14_KI270846v1_alt	368407	368910	IGHD6-13	D	IGH	3prime
chr14_KI270846v1_alt	369618	370417	IGHD5-12	D	IGH	3prime
chr14_KI270846v1_alt	370585	371384	IGHD4-11	D	IGH	3prime
chr14_KI270846v1_alt	371466	372265	IGHD3-10	D	IGH	3prime
chr14_KI270846v1_alt	372266	372449	IGHD3-9	D	IGH	3prime
chr14_KI270846v1_alt	374180	374979	IGHD2-8	D	IGH	3prime
chr14_KI270846v1_alt	376876	377675	IGHD1-7	D	IGH	3prime
chr14_KI270846v1_alt	377676	378178	IGHD6-6	D	IGH	3prime
chr14_KI270846v1_alt	379226	380025	IGHD5-5	D	IGH	3prime
chr14_KI270846v1_alt	380191	380990	IGHD4-4	D	IGH	3prime
chr14_KI270846v1_alt	381328	382127	IGHD3-3	D	IGH	3prime
chr14_KI270846v1_alt	383795	384594	IGHD2-2	D	IGH	3prime
chr14_KI270846v1_alt	386471	387270	IGHD1-1	D	IGH	3prime
chr14_KI270846v1_alt	333331	334130	IGHD7-27	D	IGH	5prime
chr14_KI270846v1_alt	348823	349325	IGHD1-26	D	IGH	5prime
chr14_KI270846v1_alt	349326	350125	IGHD6-25	D	IGH	5prime
chr14_KI270846v1_alt	351692	352491	IGHD5-24	D	IGH	5prime
chr14_KI270846v1_alt	352658	353457	IGHD4-23	D	IGH	5prime
chr14_KI270846v1_alt	353831	354630	IGHD3-22	D	IGH	5prime
chr14_KI270846v1_alt	356348	357147	IGHD2-21	D	IGH	5prime
chr14_KI270846v1_alt	358977	359488	IGHD1-20	D	IGH	5prime
chr14_KI270846v1_alt	359489	360288	IGHD6-19	D	IGH	5prime
chr14_KI270846v1_alt	361331	362130	IGHD5-18	D	IGH	5prime
chr14_KI270846v1_alt	362293	363092	IGHD4-17	D	IGH	5prime
chr14_KI270846v1_alt	363440	364239	IGHD3-16	D	IGH	5prime
chr14_KI270846v1_alt	365757	366556	IGHD2-15	D	IGH	5prime
chr14_KI270846v1_alt	368424	368931	IGHD1-14	D	IGH	5prime
chr14_KI270846v1_alt	368932	369731	IGHD6-13	D	IGH	5prime
chr14_KI270846v1_alt	370441	371240	IGHD5-12	D	IGH	5prime
chr14_KI270846v1_alt	371401	372200	IGHD4-11	D	IGH	5prime
chr14_KI270846v1_alt	372297	372480	IGHD3-10	D	IGH	5prime
chr14_KI270846v1_alt	372481	373280	IGHD3-9	D	IGH	5prime
chr14_KI270846v1_alt	375011	375810	IGHD2-8	D	IGH	5prime
chr14_KI270846v1_alt	377693	378196	IGHD1-7	D	IGH	5prime
chr14_KI270846v1_alt	378197	378996	IGHD6-6	D	IGH	5prime
chr14_KI270846v1_alt	380046	380845	IGHD5-5	D	IGH	5prime
chr14_KI270846v1_alt	381007	381806	IGHD4-4	D	IGH	5prime
chr14_KI270846v1_alt	382159	382958	IGHD3-3	D	IGH	5prime
chr14_KI270846v1_alt	384626	385425	IGHD2-2	D	IGH	5prime
chr14_KI270846v1_alt	387288	388087	IGHD1-1	D	IGH	5prime
chr14_KI270846v1_alt	331030	331234	IGHJ6	J	IGH	5prime
chr14_KI270846v1_alt	331235	331633	IGHJ3P	J	IGH	5prime
chr14_KI270846v1_alt	331634	332031	IGHJ5	J	IGH	5prime
chr14_KI270846v1_alt	332032	332405	IGHJ4	J	IGH	5prime
chr14_KI270846v1_alt	332406	332621	IGHJ3	J	IGH	5prime
chr14_KI270846v1_alt	332622	333020	IGHJ2P	J	IGH	5prime
chr14_KI270846v1_alt	333021	333227	IGHJ2	J	IGH	5prime
chr14_KI270846v1_alt	333228	333447	IGHJ1	J	IGH	5prime
chr14_KI270846v1_alt	333448	334247	IGHJ1P	J	IGH	5prime
chr14_KI270846v1_alt	406723	407522	IGHV6-1	V	IGH	3prime
chr14_KI270846v1_alt	412179	412978	IGHVII-1-1	V	IGH	3prime
chr14_KI270846v1_alt	453551	454350	IGHV1-2	V	IGH	3prime
chr14_KI270846v1_alt	468503	469302	IGHVIII-2-1	V	IGH	3prime
chr14_KI270846v1_alt	472064	472863	IGHV1-3	V	IGH	3prime
chr14_KI270846v1_alt	478891	479690	IGHV4-4	V	IGH	3prime
chr14_KI270846v1_alt	504871	505670	IGHV2-5	V	IGH	3prime
chr14_KI270846v1_alt	506635	507434	IGHVIII-5-1	V	IGH	3prime
chr14_KI270846v1_alt	512569	513368	IGHVIII-5-2	V	IGH	3prime
chr14_KI270846v1_alt	522518	523317	IGHV3-6	V	IGH	3prime
chr14_KI270846v1_alt	529118	529917	IGHV3-7	V	IGH	3prime
chr14_KI270846v1_alt	583604	584403	IGHV3-11	V	IGH	3prime
chr14_KI270846v1_alt	587176	587975	IGHVIII-11-1	V	IGH	3prime
chr14_KI270846v1_alt	589389	590188	IGHV1-12	V	IGH	3prime
chr14_KI270846v1_alt	596509	597308	IGHV3-13	V	IGH	3prime
chr14_KI270846v1_alt	609256	610055	IGHVIII-13-1	V	IGH	3prime
chr14_KI270846v1_alt	612860	613659	IGHV1-14	V	IGH	3prime
chr14_KI270846v1_alt	620591	621390	IGHV3-15	V	IGH	3prime
chr14_KI270846v1_alt	630552	631351	IGHVII-15-1	V	IGH	3prime
chr14_KI270846v1_alt	632174	632973	IGHV3-16	V	IGH	3prime
chr14_KI270846v1_alt	641311	642110	IGHV1-17	V	IGH	3prime
chr14_KI270846v1_alt	651868	652667	IGHV1-18	V	IGH	3prime
chr14_KI270846v1_alt	663669	664468	IGHV3-19	V	IGH	3prime
chr14_KI270846v1_alt	677905	678704	IGHV3-20	V	IGH	3prime
chr14_KI270846v1_alt	702031	702830	IGHV3-21	V	IGH	3prime
chr14_KI270846v1_alt	724731	725530	IGHV3-22	V	IGH	3prime
chr14_KI270846v1_alt	730331	731130	IGHVII-22-1	V	IGH	3prime
chr14_KI270846v1_alt	731657	732456	IGHVIII-22-2	V	IGH	3prime
chr14_KI270846v1_alt	735575	736374	IGHV3-23	V	IGH	3prime
chr14_KI270846v1_alt	743515	744314	IGHV1-24	V	IGH	3prime
chr14_KI270846v1_alt	755998	756797	IGHV3-25	V	IGH	3prime
chr14_KI270846v1_alt	760537	761336	IGHVIII-25-1	V	IGH	3prime
chr14_KI270846v1_alt	768364	769163	IGHV2-26	V	IGH	3prime
chr14_KI270846v1_alt	776386	777185	IGHVIII-26-1	V	IGH	3prime
chr14_KI270846v1_alt	781620	782419	IGHVII-26-2	V	IGH	3prime
chr14_KI270846v1_alt	784792	785591	IGHV7-27	V	IGH	3prime
chr14_KI270846v1_alt	791223	792022	IGHV4-28	V	IGH	3prime
chr14_KI270846v1_alt	802051	802850	IGHV3-30	V	IGH	3prime
chr14_KI270846v1_alt	809693	810492	IGHVII-30-1	V	IGH	3prime
chr14_KI270846v1_alt	811364	812163	IGHV3-30-2	V	IGH	3prime
chr14_KI270846v1_alt	816252	817051	IGHV4-31	V	IGH	3prime
chr14_KI270846v1_alt	823180	823979	IGHV3-29	V	IGH	3prime
chr14_KI270846v1_alt	825982	826781	IGHV3-33	V	IGH	3prime
chr14_KI270846v1_alt	858264	859063	IGHVII-33-1	V	IGH	3prime
chr14_KI270846v1_alt	859986	860785	IGHV3-33-2	V	IGH	3prime
chr14_KI270846v1_alt	864540	865339	IGHV4-34	V	IGH	3prime
chr14_KI270846v1_alt	868179	868978	IGHV7-34-1	V	IGH	3prime
chr14_KI270846v1_alt	880269	881068	IGHV3-35	V	IGH	3prime
chr14_KI270846v1_alt	883653	884452	IGHV3-36	V	IGH	3prime
chr14_KI270846v1_alt	887555	888354	IGHV3-37	V	IGH	3prime
chr14_KI270846v1_alt	901371	902170	IGHV3-38	V	IGH	3prime
chr14_KI270846v1_alt	908904	909703	IGHVIII-38-1	V	IGH	3prime
chr14_KI270846v1_alt	912588	913387	IGHV4-39	V	IGH	3prime
chr14_KI270846v1_alt	916244	917043	IGHV7-40	V	IGH	3prime
chr14_KI270846v1_alt	931829	932628	IGHVII-40-1	V	IGH	3prime
chr14_KI270846v1_alt	934012	934811	IGHV3-41	V	IGH	3prime
chr14_KI270846v1_alt	954137	954936	IGHV3-42	V	IGH	3prime
chr14_KI270846v1_alt	961142	961941	IGHV3-43	V	IGH	3prime
chr14_KI270846v1_alt	969099	969898	IGHVIII-44	V	IGH	3prime
chr14_KI270846v1_alt	980224	981023	IGHVIV-44-1	V	IGH	3prime
chr14_KI270846v1_alt	985013	985812	IGHVII-44-2	V	IGH	3prime
chr14_KI270846v1_alt	997875	998674	IGHV1-45	V	IGH	3prime
chr14_KI270846v1_alt	1001994	1002793	IGHV1-46	V	IGH	3prime
chr14_KI270846v1_alt	1006697	1007496	IGHVII-46-1	V	IGH	3prime
chr14_KI270846v1_alt	1009461	1010260	IGHV3-47	V	IGH	3prime
chr14_KI270846v1_alt	1022020	1022819	IGHVIII-47-1	V	IGH	3prime
chr14_KI270846v1_alt	1028689	1029488	IGHV3-48	V	IGH	3prime
chr14_KI270846v1_alt	1047815	1048614	IGHV3-49	V	IGH	3prime
chr14_KI270846v1_alt	1055254	1056053	IGHVII-49-1	V	IGH	3prime
chr14_KI270846v1_alt	1056996	1057795	IGHV3-50	V	IGH	3prime
chr14_KI270846v1_alt	1069621	1070420	IGHV5-51	V	IGH	3prime
chr14_KI270846v1_alt	1074385	1075184	IGHV8-51-1	V	IGH	3prime
chr14_KI270846v1_alt	1075597	1076396	IGHVII-51-2	V	IGH	3prime
chr14_KI270846v1_alt	1077255	1078054	IGHV3-52	V	IGH	3prime
chr14_KI270846v1_alt	1083555	1084354	IGHV3-53	V	IGH	3prime
chr14_KI270846v1_alt	1090549	1091348	IGHVII-53-1	V	IGH	3prime
chr14_KI270846v1_alt	1092225	1093024	IGHV3-54	V	IGH	3prime
chr14_KI270846v1_alt	1096980	1097779	IGHV4-55	V	IGH	3prime
chr14_KI270846v1_alt	1100641	1101440	IGHV7-56	V	IGH	3prime
chr14_KI270846v1_alt	1109773	1110572	IGHV3-57	V	IGH	3prime
chr14_KI270846v1_alt	1113236	1114035	IGHV1-58	V	IGH	3prime
chr14_KI270846v1_alt	1118128	1118927	IGHV4-59	V	IGH	3prime
chr14_KI270846v1_alt	1122076	1122875	IGHV3-60	V	IGH	3prime
chr14_KI270846v1_alt	1128597	1129396	IGHVII-60-1	V	IGH	3prime
chr14_KI270846v1_alt	1129998	1130797	IGHV4-61	V	IGH	3prime
chr14_KI270846v1_alt	1134021	1134820	IGHV3-62	V	IGH	3prime
chr14_KI270846v1_alt	1141430	1142229	IGHVII-62-1	V	IGH	3prime
chr14_KI270846v1_alt	1143116	1143915	IGHV3-63	V	IGH	3prime
chr14_KI270846v1_alt	1148602	1149401	IGHV3-64	V	IGH	3prime
chr14_KI270846v1_alt	1156971	1157770	IGHV3-65	V	IGH	3prime
chr14_KI270846v1_alt	1162676	1163475	IGHVII-65-1	V	IGH	3prime
chr14_KI270846v1_alt	1165894	1166693	IGHV3-66	V	IGH	3prime
chr14_KI270846v1_alt	1171482	1172281	IGHV1-67	V	IGH	3prime
chr14_KI270846v1_alt	1177396	1178195	IGHVII-67-1	V	IGH	3prime
chr14_KI270846v1_alt	1178196	1178791	IGHVIII-67-2	V	IGH	3prime
chr14_KI270846v1_alt	1183536	1184335	IGHVIII-67-3	V	IGH	3prime
chr14_KI270846v1_alt	1185981	1186780	IGHVIII-67-4	V	IGH	3prime
chr14_KI270846v1_alt	1194731	1195530	IGHV1-68	V	IGH	3prime
chr14_KI270846v1_alt	1205561	1206360	IGHV1-69	V	IGH	3prime
chr14_KI270846v1_alt	1214453	1215252	IGHV2-70D	V	IGH	3prime
chr14_KI270846v1_alt	1219042	1219841	IGHV3-69-1	V	IGH	3prime
chr14_KI270846v1_alt	1227989	1228788	IGHV1-69-2	V	IGH	3prime
chr14_KI270846v1_alt	1252561	1253360	IGHV1-69D	V	IGH	3prime
chr14_KI270846v1_alt	1260945	1261744	IGHV2-70	V	IGH	3prime
chr14_KI270846v1_alt	1265534	1266333	IGHV3-71	V	IGH	3prime
chr14_KI270846v1_alt	1281065	1281864	IGHV3-72	V	IGH	3prime
chr14_KI270846v1_alt	1293066	1293865	IGHV3-73	V	IGH	3prime
chr14_KI270846v1_alt	1300814	1301613	IGHV3-74	V	IGH	3prime
chr14_KI270846v1_alt	1311548	1312347	IGHVII-74-1	V	IGH	3prime
chr14_KI270846v1_alt	1314061	1314860	IGHV3-75	V	IGH	3prime
chr14_KI270846v1_alt	1318243	1319042	IGHV3-76	V	IGH	3prime
chr14_KI270846v1_alt	1322141	1322940	IGHVIII-76-1	V	IGH	3prime
chr14_KI270846v1_alt	1341497	1342296	IGHV5-78	V	IGH	3prime
chr15	20003040	20003839	IGHD5OR15-5A	D	IGH	3prime
chr15	20003997	20004796	IGHD4OR15-4A	D	IGH	3prime
chr15	20005105	20005904	IGHD3OR15-3A	D	IGH	3prime
chr15	20007602	20008401	IGHD2OR15-2A	D	IGH	3prime
chr15	20010353	20011152	IGHD1OR15-1A	D	IGH	3prime
chr15	21009694	21010493	IGHD5OR15-5B	D	IGH	3prime
chr15	21010651	21011450	IGHD4OR15-4B	D	IGH	3prime
chr15	21011759	21012558	IGHD3OR15-3B	D	IGH	3prime
chr15	21014248	21015047	IGHD2OR15-2B	D	IGH	3prime
chr15	21017000	21017799	IGHD1OR15-1B	D	IGH	3prime
chr15	20003863	20004662	IGHD5OR15-5A	D	IGH	5prime
chr15	20004816	20005615	IGHD4OR15-4A	D	IGH	5prime
chr15	20005936	20006735	IGHD3OR15-3A	D	IGH	5prime
chr15	20008433	20009232	IGHD2OR15-2A	D	IGH	5prime
chr15	20011170	20011969	IGHD1OR15-1A	D	IGH	5prime
chr15	21010517	21011316	IGHD5OR15-5B	D	IGH	5prime
chr15	21011470	21012269	IGHD4OR15-4B	D	IGH	5prime
chr15	21012590	21013389	IGHD3OR15-3B	D	IGH	5prime
chr15	21015079	21015878	IGHD2OR15-2B	D	IGH	5prime
chr15	21017817	21018616	IGHD1OR15-1B	D	IGH	5prime
chr15	19963866	19964665	IGHV1OR15-9	V	IGH	3prime
chr15	19971982	19972781	IGHV1OR15-2	V	IGH	3prime
chr15	19986856	19987655	IGHV3OR15-7	V	IGH	3prime
chr15	20638664	20639463	IGHV1OR15-6	V	IGH	3prime
chr15	22159631	22160430	IGHV1OR15-1	V	IGH	3prime
chr15	22177307	22178106	IGHV1OR15-3	V	IGH	3prime
chr15	22184167	22184966	IGHV4OR15-8	V	IGH	3prime
chr15	22194085	22194884	IGHV1OR15-4	V	IGH	3prime
chr16	32035327	32036126	IGHV1OR16-1	V	IGH	3prime
chr16	32059373	32060172	IGHV1OR16-3	V	IGH	3prime
chr16	32066359	32067158	IGHV3OR16-9	V	IGH	3prime
chr16	32848157	32848956	IGHV2OR16-5	V	IGH	3prime
chr16	32903895	32904694	IGHV3OR16-15	V	IGH	3prime
chr16	32915537	32916336	IGHV3OR16-6	V	IGH	3prime
chr16	32978892	32979691	IGHV1OR16-2	V	IGH	3prime
chr16	32995506	32996305	IGHV3OR16-10	V	IGH	3prime
chr16	33002622	33003421	IGHV1OR16-4	V	IGH	3prime
chr16	33009621	33010420	IGHV3OR16-8	V	IGH	3prime
chr16	33803218	33804017	IGHV3OR16-12	V	IGH	3prime
chr16	33827662	33828461	IGHV3OR16-13	V	IGH	3prime
chr16	33843984	33844783	IGHV3OR16-17	V	IGH	3prime
chr16	33858096	33858895	IGHV3OR16-11	V	IGH	3prime
chr16	33937537	33938336	IGHV3OR16-7	V	IGH	3prime
chr18	3394089	3394888	IGLJCOR18	J	IGL	5prime
chr2	88832773	88833572	Kde	J	IGK	5prime
chr2	88860606	88860922	IGKJ5	J	IGK	5prime
chr2	88860923	88861258	IGKJ4	J	IGK	5prime
chr2	88861259	88861563	IGKJ3	J	IGK	5prime
chr2	88861564	88861923	IGKJ2	J	IGK	5prime
chr2	88861924	88862723	IGKJ1	J	IGK	5prime
chr2	87339036	87339835	IGKV3OR2-268	V	IGK	3prime
chr2	88858806	88859605	intronRSS	V	IGK	3prime
chr2	88886154	88886953	IGKV4-1	V	IGK	3prime
chr2	88897785	88898584	IGKV5-2	V	IGK	3prime
chr2	88914281	88915080	IGKV7-3	V	IGK	3prime
chr2	88930866	88931665	IGKV2-4	V	IGK	3prime
chr2	88946501	88947300	IGKV1-5	V	IGK	3prime
chr2	88965462	88966261	IGKV1-6	V	IGK	3prime
chr2	88977668	88978467	IGKV3-7	V	IGK	3prime
chr2	88991609	88992408	IGKV1-8	V	IGK	3prime
chr2	89009182	89009981	IGKV1-9	V	IGK	3prime
chr2	89019192	89019991	IGKV2-10	V	IGK	3prime
chr2	89026371	89027170	IGKV3-11	V	IGK	3prime
chr2	89039424	89040223	IGKV1-12	V	IGK	3prime
chr2	89045195	89045994	IGKV1-13	V	IGK	3prime
chr2	89077210	89078009	IGKV2-14	V	IGK	3prime
chr2	89084377	89085176	IGKV3-15	V	IGK	3prime
chr2	89099059	89099858	IGKV1-16	V	IGK	3prime
chr2	89116542	89117341	IGKV1-17	V	IGK	3prime
chr2	89127924	89128723	IGKV2-18	V	IGK	3prime
chr2	89134175	89134974	IGKV2-19	V	IGK	3prime
chr2	89141774	89142573	IGKV3-20	V	IGK	3prime
chr2	89158951	89159750	IGKV6-21	V	IGK	3prime
chr2	89169975	89170774	IGKV1-22	V	IGK	3prime
chr2	89171222	89172021	IGKV2-23	V	IGK	3prime
chr2	89175528	89176327	IGKV2-24	V	IGK	3prime
chr2	89191700	89192499	IGKV3-25	V	IGK	3prime
chr2	89195296	89196095	IGKV2-26	V	IGK	3prime
chr2	89212623	89213422	IGKV1-27	V	IGK	3prime
chr2	89220898	89221697	IGKV2-28	V	IGK	3prime
chr2	89233374	89234173	IGKV2-29	V	IGK	3prime
chr2	89243981	89244780	IGKV2-30	V	IGK	3prime
chr2	89251411	89252210	IGKV3-31	V	IGK	3prime
chr2	89252771	89253570	IGKV1-32	V	IGK	3prime
chr2	89267201	89268000	IGKV1-33	V	IGK	3prime
chr2	89274498	89275297	IGKV3-34	V	IGK	3prime
chr2	89285889	89286688	IGKV1-35	V	IGK	3prime
chr2	89294433	89295232	IGKV2-36	V	IGK	3prime
chr2	89296464	89297263	IGKV1-37	V	IGK	3prime
chr2	89309098	89309897	IGKV2-38	V	IGK	3prime
chr2	89318825	89319624	IGKV1-39	V	IGK	3prime
chr2	89329316	89330115	IGKV2-40	V	IGK	3prime
chr2	89852494	89853293	IGKV2D-40	V	IGK	3prime
chr2	89862982	89863781	IGKV1D-39	V	IGK	3prime
chr2	89872703	89873502	IGKV2D-38	V	IGK	3prime
chr2	89885217	89886016	IGKV1D-37	V	IGK	3prime
chr2	89887248	89888047	IGKV2D-36	V	IGK	3prime
chr2	89895773	89896572	IGKV1D-35	V	IGK	3prime
chr2	89907247	89908046	IGKV3D-34	V	IGK	3prime
chr2	89914546	89915345	IGKV1D-33	V	IGK	3prime
chr2	89928868	89929667	IGKV1D-32	V	IGK	3prime
chr2	89930203	89931002	IGKV3D-31	V	IGK	3prime
chr2	89937680	89938479	IGKV2D-30	V	IGK	3prime
chr2	89948270	89949069	IGKV2D-29	V	IGK	3prime
chr2	89960749	89961548	IGKV2D-28	V	IGK	3prime
chr2	89969336	89970135	IGKV1D-27	V	IGK	3prime
chr2	89986703	89987502	IGKV2D-26	V	IGK	3prime
chr2	89990222	89991021	IGKV3D-25	V	IGK	3prime
chr2	90005630	90006429	IGKV2D-24	V	IGK	3prime
chr2	90009928	90010727	IGKV2D-23	V	IGK	3prime
chr2	90011185	90011984	IGKV1D-22	V	IGK	3prime
chr2	90022186	90022985	IGKV6D-21	V	IGK	3prime
chr2	90039480	90040279	IGKV3D-20	V	IGK	3prime
chr2	90047058	90047857	IGKV2D-19	V	IGK	3prime
chr2	90053373	90054172	IGKV2D-18	V	IGK	3prime
chr2	90070239	90071038	IGKV6D-41	V	IGK	3prime
chr2	90083292	90084091	IGKV1D-17	V	IGK	3prime
chr2	90100739	90101538	IGKV1D-16	V	IGK	3prime
chr2	90115403	90116202	IGKV3D-15	V	IGK	3prime
chr2	90122565	90123364	IGKV2D-14	V	IGK	3prime
chr2	90154575	90155374	IGKV1D-13	V	IGK	3prime
chr2	90160336	90161135	IGKV1D-12	V	IGK	3prime
chr2	90173415	90174214	IGKV3D-11	V	IGK	3prime
chr2	90180588	90181387	IGKV2D-10	V	IGK	3prime
chr2	90190682	90191481	IGKV1D-42	V	IGK	3prime
chr2	90210530	90211329	IGKV1D-43	V	IGK	3prime
chr2	90221385	90222184	IGKV1D-8	V	IGK	3prime
chr2	90235371	90236170	IGKV3D-7	V	IGK	3prime
chr2	90314566	90315365	IGKV1OR2-118	V	IGK	3prime
chr2	91818249	91819048	IGKV1OR2-1	V	IGK	3prime
chr2	97046892	97047691	IGKV2OR2-1	V	IGK	3prime
chr2	97051029	97051828	IGKV2OR2-2	V	IGK	3prime
chr2	97060416	97061215	IGKV1OR2-3	V	IGK	3prime
chr2	97321337	97322136	IGKV1OR2-9	V	IGK	3prime
chr2	97330733	97331532	IGKV2OR2-10	V	IGK	3prime
chr2	97334871	97335670	IGKV2OR2-7D	V	IGK	3prime
chr2	97349180	97349979	IGKV3OR2-5	V	IGK	3prime
chr2	97355336	97356135	IGKV1OR2-6	V	IGK	3prime
chr2	97372836	97373635	IGKV2OR2-7	V	IGK	3prime
chr2	97376974	97377773	IGKV2OR2-8	V	IGK	3prime
chr2	97386369	97387168	IGKV1OR2-11	V	IGK	3prime
chr2	113406873	113407672	IGKV1OR2-108	V	IGK	3prime
chr21	10648600	10649399	IGHV1OR21-1	V	IGH	3prime
chr22	22892892	22893691	IGLJ1	J	IGL	5prime
chr22	22898681	22899480	IGLJ2	J	IGL	5prime
chr22	22904050	22904849	IGLJ3	J	IGL	5prime
chr22	22909774	22910573	IGLJ4	J	IGL	5prime
chr22	22913472	22914271	IGLJ5	J	IGL	5prime
chr22	22917332	22918131	IGLJ6	J	IGL	5prime
chr22	22920590	22921389	IGLJ7	J	IGL	5prime
chr22	16903419	16904218	IGKV1OR22-5	V	IGK	3prime
chr22	16913435	16914234	IGKV2OR22-4	V	IGK	3prime
chr22	16920643	16921442	IGKV2OR22-3	V	IGK	3prime
chr22	16925152	16925951	IGKV3OR22-2	V	IGK	3prime
chr22	16932721	16933520	IGKV1OR22-1	V	IGK	3prime
chr22	22026594	22027393	IGLVI-70	V	IGL	3prime
chr22	22031473	22032272	IGLV4-69	V	IGL	3prime
chr22	22033195	22033994	IGLVI-68	V	IGL	3prime
chr22	22043943	22044742	IGLV10-67	V	IGL	3prime
chr22	22058893	22059692	IGLVIV-66-1	V	IGL	3prime
chr22	22061539	22062338	IGLVV-66	V	IGL	3prime
chr22	22070708	22071507	IGLVIV-65	V	IGL	3prime
chr22	22075667	22076466	IGLVIV-64	V	IGL	3prime
chr22	22080264	22081063	IGLVI-63	V	IGL	3prime
chr22	22087111	22087910	IGLV1-62	V	IGL	3prime
chr22	22099213	22100012	IGLV8-61	V	IGL	3prime
chr22	22162682	22163481	IGLV4-60	V	IGL	3prime
chr22	22179478	22180277	IGLVIV-59	V	IGL	3prime
chr22	22182886	22183685	IGLVV-58	V	IGL	3prime
chr22	22196277	22197076	IGLV6-57	V	IGL	3prime
chr22	22199012	22199811	IGLVI-56	V	IGL	3prime
chr22	22202162	22202961	IGLV11-55	V	IGL	3prime
chr22	22215271	22216070	IGLV10-54	V	IGL	3prime
chr22	22220134	22220933	IGLVIV-53	V	IGL	3prime
chr22	22319227	22320026	IGLV5-52	V	IGL	3prime
chr22	22322970	22323769	IGLV1-51	V	IGL	3prime
chr22	22327815	22328614	IGLV1-50	V	IGL	3prime
chr22	22343733	22344532	IGLV9-49	V	IGL	3prime
chr22	22353434	22354233	IGLV5-48	V	IGL	3prime
chr22	22358261	22359060	IGLV1-47	V	IGL	3prime
chr22	22370088	22370887	IGLV7-46	V	IGL	3prime
chr22	22376506	22377305	IGLV5-45	V	IGL	3prime
chr22	22381348	22382147	IGLV1-44	V	IGL	3prime
chr22	22395490	22396289	IGLV7-43	V	IGL	3prime
chr22	22397525	22398324	IGLVI-42	V	IGL	3prime
chr22	22399000	22399799	IGLVVII-41-1	V	IGL	3prime
chr22	22404722	22405521	IGLV1-41	V	IGL	3prime
chr22	22410283	22411082	IGLV1-40	V	IGL	3prime
chr22	22426315	22427114	IGLVI-38	V	IGL	3prime
chr22	22428036	22428835	IGLV5-37	V	IGL	3prime
chr22	22432466	22433265	IGLV1-36	V	IGL	3prime
chr22	22450653	22451452	IGLV7-35	V	IGL	3prime
chr22	22580297	22581096	IGLV2-34	V	IGL	3prime
chr22	22588689	22589488	IGLV2-33	V	IGL	3prime
chr22	22595057	22595856	IGLV3-32	V	IGL	3prime
chr22	22605166	22605965	IGLV3-31	V	IGL	3prime
chr22	22619164	22619963	IGLV3-30	V	IGL	3prime
chr22	22661543	22662342	IGLV3-29	V	IGL	3prime
chr22	22664908	22665707	IGLV2-28	V	IGL	3prime
chr22	22668807	22669606	IGLV3-27	V	IGL	3prime
chr22	22673603	22674402	IGLV3-26	V	IGL	3prime
chr22	22679346	22680145	IGLVVI-25-1	V	IGL	3prime
chr22	22687272	22688071	IGLV3-25	V	IGL	3prime
chr22	22694953	22695752	IGLV3-24	V	IGL	3prime
chr22	22698408	22699207	IGLV2-23	V	IGL	3prime
chr22	22700971	22701770	IGLVVI-22-1	V	IGL	3prime
chr22	22704823	22705622	IGLV3-22	V	IGL	3prime
chr22	22713204	22714003	IGLV3-21	V	IGL	3prime
chr22	22715420	22716219	IGLVI-20	V	IGL	3prime
chr22	22721146	22721945	IGLV3-19	V	IGL	3prime
chr22	22735090	22735889	IGLV2-18	V	IGL	3prime
chr22	22739188	22739987	IGLV3-17	V	IGL	3prime
chr22	22747922	22748721	IGLV3-16	V	IGL	3prime
chr22	22755798	22756597	IGLV3-15	V	IGL	3prime
chr22	22759219	22760018	IGLV2-14	V	IGL	3prime
chr22	22762517	22763316	IGLV3-13	V	IGL	3prime
chr22	22772583	22773382	IGLV3-12	V	IGL	3prime
chr22	22793008	22793807	IGLV2-11	V	IGL	3prime
chr22	22812282	22813081	IGLV3-10	V	IGL	3prime
chr22	22819757	22820556	IGLV3-9	V	IGL	3prime
chr22	22823290	22824089	IGLV2-8	V	IGL	3prime
chr22	22838873	22839672	IGLV3-7	V	IGL	3prime
chr22	22850625	22851424	IGLV3-6	V	IGL	3prime
chr22	22857039	22857838	IGLV2-5	V	IGL	3prime
chr22	22858269	22859068	IGLV3-4	V	IGL	3prime
chr22	22872036	22872835	IGLV4-3	V	IGL	3prime
chr22	22873441	22874240	IGLV3-2	V	IGL	3prime
chr22	22881397	22882196	IGLV3-1	V	IGL	3prime
chr22	25436506	25437305	IGLVIVOR22-1	V	IGL	3prime
chr22	32377136	32377935	IGLVIVOR22-2	V	IGL	3prime
chr22_KI270875v1_alt	3057	3856	IGLV5-45	V	IGL	3prime
chr22_KI270875v1_alt	7899	8698	IGLV1-44	V	IGL	3prime
chr22_KI270875v1_alt	22043	22842	IGLV7-43	V	IGL	3prime
chr22_KI270875v1_alt	24075	24874	IGLVI-42	V	IGL	3prime
chr22_KI270875v1_alt	34650	35449	IGLVVII-41-1	V	IGL	3prime
chr22_KI270875v1_alt	40370	41169	IGLV1-41	V	IGL	3prime
chr22_KI270875v1_alt	45932	46731	IGLV1-40	V	IGL	3prime
chr22_KI270875v1_alt	61953	62752	IGLVI-38	V	IGL	3prime
chr22_KI270875v1_alt	63673	64472	IGLV5-37	V	IGL	3prime
chr22_KI270875v1_alt	68105	68904	IGLV1-36	V	IGL	3prime
chr22_KI270875v1_alt	86292	87091	IGLV7-35	V	IGL	3prime
chr22_KI270875v1_alt	215954	216753	IGLV2-34	V	IGL	3prime
chr22_KI270875v1_alt	224346	225145	IGLV2-33	V	IGL	3prime
chr22_KI270875v1_alt	230714	231513	IGLV3-32	V	IGL	3prime
chr22_KI270875v1_alt	240823	241622	IGLV3-31	V	IGL	3prime
chr22_KI270875v1_alt	254821	255620	IGLV3-30	V	IGL	3prime
chr2_KI270772v1_alt	87158	87957	IGKV1OR2-118	V	IGK	3prime
chr2_KI270894v1_alt	3049	3848	IGKV1D-8	V	IGK	3prime
chr2_KI270894v1_alt	41732	42531	IGKV3D-7	V	IGK	3prime
chr2_KI270894v1_alt	127436	128235	IGKV1OR2-118	V	IGK	3prime
chr2_KQ031384v1_fix	6611	7410	IGKV5-2	V	IGK	3prime
chr2_KQ031384v1_fix	23107	23906	IGKV7-3	V	IGK	3prime
chr2_KQ031384v1_fix	39692	40491	IGKV2-4	V	IGK	3prime
chr2_KQ031384v1_fix	55327	56126	IGKV1-5	V	IGK	3prime
chr2_KQ031384v1_fix	74288	75087	IGKV1-6	V	IGK	3prime
chr2_KQ031384v1_fix	86494	87293	IGKV3-7	V	IGK	3prime
chr2_KQ031384v1_fix	100435	101234	IGKV1-8	V	IGK	3prime
chr2_KQ031384v1_fix	118008	118807	IGKV1-9	V	IGK	3prime
chr2_KQ031384v1_fix	128018	128817	IGKV2-10	V	IGK	3prime
chr2_KQ031384v1_fix	135197	135996	IGKV3-11	V	IGK	3prime
chr2_KQ031384v1_fix	148250	149049	IGKV1-12	V	IGK	3prime
chr2_KQ031384v1_fix	154021	154820	IGKV1-13	V	IGK	3prime
chr2_KQ031384v1_fix	186036	186835	IGKV2-14	V	IGK	3prime
chr2_KQ031384v1_fix	193203	194002	IGKV3-15	V	IGK	3prime
chr2_KQ031384v1_fix	207885	208684	IGKV1-16	V	IGK	3prime
chr2_KQ031384v1_fix	225368	226167	IGKV1-17	V	IGK	3prime
chr2_KQ031384v1_fix	236750	237549	IGKV2-18	V	IGK	3prime
chr2_KQ031384v1_fix	243001	243800	IGKV2-19	V	IGK	3prime
chr2_KQ031384v1_fix	250600	251399	IGKV3-20	V	IGK	3prime
chr2_KQ031384v1_fix	267777	268576	IGKV6-21	V	IGK	3prime
chr2_KQ031384v1_fix	278801	279600	IGKV1-22	V	IGK	3prime
chr2_KQ031384v1_fix	280048	280847	IGKV2-23	V	IGK	3prime
chr2_KQ031384v1_fix	284354	285153	IGKV2-24	V	IGK	3prime
chr2_KQ031384v1_fix	300526	301325	IGKV3-25	V	IGK	3prime
chr2_KQ031384v1_fix	304122	304921	IGKV2-26	V	IGK	3prime
chr2_KQ031384v1_fix	321449	322248	IGKV1-27	V	IGK	3prime
chr2_KQ031384v1_fix	329724	330523	IGKV2-28	V	IGK	3prime
chr2_KQ031384v1_fix	342200	342999	IGKV2-29	V	IGK	3prime
chr2_KQ031384v1_fix	352807	353606	IGKV2-30	V	IGK	3prime
chr2_KQ031384v1_fix	360237	361036	IGKV3-31	V	IGK	3prime
chr2_KQ031384v1_fix	361597	362396	IGKV1-32	V	IGK	3prime
chr2_KQ031384v1_fix	374520	375319	IGKV1-33	V	IGK	3prime
chr2_KQ031384v1_fix	383324	384123	IGKV3-34	V	IGK	3prime
chr2_KQ031384v1_fix	394715	395514	IGKV1-35	V	IGK	3prime
chr2_KQ031384v1_fix	403259	404058	IGKV2-36	V	IGK	3prime
chr2_KQ031384v1_fix	405290	406089	IGKV1-37	V	IGK	3prime
chr2_KQ031384v1_fix	417924	418723	IGKV2-38	V	IGK	3prime
chr2_KQ031384v1_fix	427651	428450	IGKV1-39	V	IGK	3prime
chr2_KQ031384v1_fix	438136	438935	IGKV2-40	V	IGK	3prime
chr2_MU273342v1_fix	21590	22389	IGKV2OR2-1	V	IGK	3prime
chr2_MU273342v1_fix	25727	26526	IGKV2OR2-2	V	IGK	3prime
chr2_MU273342v1_fix	35114	35913	IGKV1OR2-3	V	IGK	3prime
chr2_MU273342v1_fix	296035	296834	IGKV1OR2-9	V	IGK	3prime
chr2_MU273342v1_fix	305431	306230	IGKV2OR2-10	V	IGK	3prime
chr2_MU273342v1_fix	309569	310368	IGKV2OR2-7D	V	IGK	3prime
chr2_MU273342v1_fix	323878	324677	IGKV3OR2-5	V	IGK	3prime
chr2_MU273342v1_fix	330034	330833	IGKV1OR2-6	V	IGK	3prime
chr2_MU273342v1_fix	347534	348333	IGKV2OR2-7	V	IGK	3prime
chr2_MU273342v1_fix	351672	352471	IGKV2OR2-8	V	IGK	3prime
chr2_MU273342v1_fix	361067	361866	IGKV1OR2-11	V	IGK	3prime
chr7	142786225	142787024	TRBD1	D	TRB	3prime
chr7	142795721	142796520	TRBD2	D	TRB	3prime
chr7	142785413	142786212	TRBD1	D	TRB	5prime
chr7	142794905	142795704	TRBD2	D	TRB	5prime
chr7	38253430	38254229	TRGJ2	J	TRG	5prime
chr7	38256397	38257196	TRGJP2	J	TRG	5prime
chr7	38269541	38270340	TRGJ1	J	TRG	5prime
chr7	38273648	38274447	TRGJP	J	TRG	5prime
chr7	38276319	38277118	TRGJP1	J	TRG	5prime
chr7	142786080	142786879	TRBJ1-1	J	TRB	5prime
chr7	142786880	142787016	TRBJ1-2	J	TRB	5prime
chr7	142787017	142787629	TRBJ1-3	J	TRB	5prime
chr7	142787630	142788224	TRBJ1-4	J	TRB	5prime
chr7	142788225	142788497	TRBJ1-5	J	TRB	5prime
chr7	142788498	142788987	TRBJ1-6	J	TRB	5prime
chr7	142795565	142796364	TRBJ2-1	J	TRB	5prime
chr7	142796365	142796559	TRBJ2-2	J	TRB	5prime
chr7	142796560	142796696	TRBJ2-2P	J	TRB	5prime
chr7	142796697	142796846	TRBJ2-3	J	TRB	5prime
chr7	142796847	142796997	TRBJ2-4	J	TRB	5prime
chr7	142796998	142797118	TRBJ2-5	J	TRB	5prime
chr7	142797119	142797238	TRBJ2-6	J	TRB	5prime
chr7	142797239	142797455	TRBJ2-7	J	TRB	5prime
chr7	38290816	38291615	TRGV11	V	TRG	3prime
chr7	38294963	38295762	TRGVB	V	TRG	3prime
chr7	38299010	38299809	TRGV10	V	TRG	3prime
chr7	38316217	38317016	TRGV9	V	TRG	3prime
chr7	38321646	38322445	TRGVA	V	TRG	3prime
chr7	38329543	38330342	TRGV8	V	TRG	3prime
chr7	38334241	38335040	TRGV7	V	TRG	3prime
chr7	38339900	38340699	TRGV6	V	TRG	3prime
chr7	38344230	38345029	TRGV5P	V	TRG	3prime
chr7	38348555	38349354	TRGV5	V	TRG	3prime
chr7	38352915	38353714	TRGV4	V	TRG	3prime
chr7	38357712	38358511	TRGV3	V	TRG	3prime
chr7	38362064	38362863	TRGV2	V	TRG	3prime
chr7	38366786	38367585	TRGV1	V	TRG	3prime
chr7	142299461	142300260	TRBV1	V	TRB	3prime
chr7	142301433	142302232	TRBV2	V	TRB	3prime
chr7	142309049	142309848	TRBV3-1	V	TRB	3prime
chr7	142313667	142314466	TRBV4-1	V	TRB	3prime
chr7	142321545	142322344	TRBV5-1	V	TRB	3prime
chr7	142328787	142329586	TRBV6-1	V	TRB	3prime
chr7	142332702	142333501	TRBV7-1	V	TRB	3prime
chr7	142345986	142346785	TRBV4-2	V	TRB	3prime
chr7	142349665	142350464	TRBV6-2	V	TRB	3prime
chr7	142353359	142354158	TRBV7-2	V	TRB	3prime
chr7	142358918	142359717	TRBV8-1	V	TRB	3prime
chr7	142372913	142373712	TRBV5-2	V	TRB	3prime
chr7	142381262	142382061	TRBV6-4	V	TRB	3prime
chr7	142384842	142385641	TRBV7-3	V	TRB	3prime
chr7	142386648	142387447	TRBV8-2	V	TRB	3prime
chr7	142389669	142390468	TRBV5-3	V	TRB	3prime
chr7	142392413	142393212	TRBV9	V	TRB	3prime
chr7	142400378	142401177	TRBV10-1	V	TRB	3prime
chr7	142408137	142408936	TRBV11-1	V	TRB	3prime
chr7	142415667	142416466	TRBV12-1	V	TRB	3prime
chr7	142425466	142426265	TRBV10-2	V	TRB	3prime
chr7	142441326	142442125	TRBV12-2	V	TRB	3prime
chr7	142451449	142452248	TRBV6-5	V	TRB	3prime
chr7	142455636	142456435	TRBV7-4	V	TRB	3prime
chr7	142463582	142464381	TRBV5-4	V	TRB	3prime
chr7	142470014	142470813	TRBV6-6	V	TRB	3prime
chr7	142474568	142475367	TRBV7-5	V	TRB	3prime
chr7	142483020	142483819	TRBV5-5	V	TRB	3prime
chr7	142488296	142489095	TRBV6-7	V	TRB	3prime
chr7	142492674	142493473	TRBV7-6	V	TRB	3prime
chr7	142500535	142501334	TRBV5-6	V	TRB	3prime
chr7	142507811	142508610	TRBV6-8	V	TRB	3prime
chr7	142512128	142512927	TRBV7-7	V	TRB	3prime
chr7	142520557	142521356	TRBV5-7	V	TRB	3prime
chr7	142529763	142530562	TRBV7-9	V	TRB	3prime
chr7	142536293	142537092	TRBV13	V	TRB	3prime
chr7	142544686	142545485	TRBV10-3	V	TRB	3prime
chr7	142555319	142556118	TRBV11-3	V	TRB	3prime
chr7	142560932	142561731	TRBV12-3	V	TRB	3prime
chr7	142564246	142565045	TRBV12-4	V	TRB	3prime
chr7	142581428	142582227	TRBV12-5	V	TRB	3prime
chr7	142588360	142589159	TRBV14	V	TRB	3prime
chr7	142593474	142594273	TRBV15	V	TRB	3prime
chr7	142598470	142599269	TRBV16	V	TRB	3prime
chr7	142602361	142603160	TRBV17	V	TRB	3prime
chr7	142616416	142617215	TRBV18	V	TRB	3prime
chr7	142619533	142620332	TRBV19	V	TRB	3prime
chr7	142627400	142628199	TRBV20-1	V	TRB	3prime
chr7	142637385	142638184	TRBV21-1	V	TRB	3prime
chr7	142642197	142642996	TRBV22-1	V	TRB	3prime
chr7	142646468	142647267	TRBV23-1	V	TRB	3prime
chr7	142657214	142658013	TRBV24-1	V	TRB	3prime
chr7	142671245	142672044	TRBV25-1	V	TRB	3prime
chr7	142681870	142682669	TRBVA	V	TRB	3prime
chr7	142696184	142696983	TRBV26	V	TRB	3prime
chr7	142711925	142712724	TRBVB	V	TRB	3prime
chr7	142715862	142716661	TRBV27	V	TRB	3prime
chr7	142721161	142721960	TRBV28	V	TRB	3prime
chr7	142740895	142741694	TRBV29-1	V	TRB	3prime
chr7	142811786	142812585	TRBV30	V	TRB	3prime
chr7_KI270803v1_alt	809198	809997	TRBD1	D	TRB	3prime
chr7_KI270803v1_alt	808386	809185	TRBD1	D	TRB	5prime
chr7_KI270803v1_alt	809053	809852	TRBJ1-1	J	TRB	5prime
chr7_KI270803v1_alt	809853	809989	TRBJ1-2	J	TRB	5prime
chr7_KI270803v1_alt	809990	810602	TRBJ1-3	J	TRB	5prime
chr7_KI270803v1_alt	810603	811197	TRBJ1-4	J	TRB	5prime
chr7_KI270803v1_alt	811198	811470	TRBJ1-5	J	TRB	5prime
chr7_KI270803v1_alt	811471	811960	TRBJ1-6	J	TRB	5prime
chr7_KI270803v1_alt	818538	819337	TRBJ2-1	J	TRB	5prime
chr7_KI270803v1_alt	819338	819532	TRBJ2-2	J	TRB	5prime
chr7_KI270803v1_alt	819533	819669	TRBJ2-2P	J	TRB	5prime
chr7_KI270803v1_alt	819670	819819	TRBJ2-3	J	TRB	5prime
chr7_KI270803v1_alt	819820	819970	TRBJ2-4	J	TRB	5prime
chr7_KI270803v1_alt	819971	820091	TRBJ2-5	J	TRB	5prime
chr7_KI270803v1_alt	820092	820211	TRBJ2-6	J	TRB	5prime
chr7_KI270803v1_alt	820212	820428	TRBJ2-7	J	TRB	5prime
chr7_KI270803v1_alt	261381	262180	TRBV1	V	TRB	3prime
chr7_KI270803v1_alt	263336	264135	TRBV2	V	TRB	3prime
chr7_KI270803v1_alt	270952	271751	TRBV3-1	V	TRB	3prime
chr7_KI270803v1_alt	275570	276369	TRBV4-1	V	TRB	3prime
chr7_KI270803v1_alt	283444	284243	TRBV5-1	V	TRB	3prime
chr7_KI270803v1_alt	290691	291490	TRBV6-1	V	TRB	3prime
chr7_KI270803v1_alt	294608	295407	TRBV7-1	V	TRB	3prime
chr7_KI270803v1_alt	307897	308696	TRBV4-2	V	TRB	3prime
chr7_KI270803v1_alt	311576	312375	TRBV6-2	V	TRB	3prime
chr7_KI270803v1_alt	336931	337730	TRBV7-2	V	TRB	3prime
chr7_KI270803v1_alt	342490	343289	TRBV8-1	V	TRB	3prime
chr7_KI270803v1_alt	356495	357294	TRBV5-2	V	TRB	3prime
chr7_KI270803v1_alt	364839	365638	TRBV6-4	V	TRB	3prime
chr7_KI270803v1_alt	368432	369231	TRBV7-3	V	TRB	3prime
chr7_KI270803v1_alt	370238	371037	TRBV8-2	V	TRB	3prime
chr7_KI270803v1_alt	373260	374059	TRBV5-3	V	TRB	3prime
chr7_KI270803v1_alt	376004	376803	TRBV9	V	TRB	3prime
chr7_KI270803v1_alt	383971	384770	TRBV10-1	V	TRB	3prime
chr7_KI270803v1_alt	391724	392523	TRBV11-1	V	TRB	3prime
chr7_KI270803v1_alt	399254	400053	TRBV12-1	V	TRB	3prime
chr7_KI270803v1_alt	409033	409832	TRBV10-2	V	TRB	3prime
chr7_KI270803v1_alt	424906	425705	TRBV12-2	V	TRB	3prime
chr7_KI270803v1_alt	435029	435828	TRBV6-5	V	TRB	3prime
chr7_KI270803v1_alt	439215	440014	TRBV7-4	V	TRB	3prime
chr7_KI270803v1_alt	447164	447963	TRBV5-4	V	TRB	3prime
chr7_KI270803v1_alt	453613	454412	TRBV6-6	V	TRB	3prime
chr7_KI270803v1_alt	458166	458965	TRBV7-5	V	TRB	3prime
chr7_KI270803v1_alt	466616	467415	TRBV5-5	V	TRB	3prime
chr7_KI270803v1_alt	471892	472691	TRBV6-7	V	TRB	3prime
chr7_KI270803v1_alt	476266	477065	TRBV7-6	V	TRB	3prime
chr7_KI270803v1_alt	484132	484931	TRBV5-6	V	TRB	3prime
chr7_KI270803v1_alt	491407	492206	TRBV6-8	V	TRB	3prime
chr7_KI270803v1_alt	495724	496523	TRBV7-7	V	TRB	3prime
chr7_KI270803v1_alt	504151	504950	TRBV5-7	V	TRB	3prime
chr7_KI270803v1_alt	533496	534295	TRBV7-9	V	TRB	3prime
chr7_KI270803v1_alt	540024	540823	TRBV13	V	TRB	3prime
chr7_KI270803v1_alt	548397	549196	TRBV10-3	V	TRB	3prime
chr7_KI270803v1_alt	559028	559827	TRBV11-3	V	TRB	3prime
chr7_KI270803v1_alt	564624	565423	TRBV12-3	V	TRB	3prime
chr7_KI270803v1_alt	567935	568734	TRBV12-4	V	TRB	3prime
chr7_KI270803v1_alt	585146	585945	TRBV12-5	V	TRB	3prime
chr7_KI270803v1_alt	592076	592875	TRBV14	V	TRB	3prime
chr7_KI270803v1_alt	597190	597989	TRBV15	V	TRB	3prime
chr7_KI270803v1_alt	602186	602985	TRBV16	V	TRB	3prime
chr7_KI270803v1_alt	606075	606874	TRBV17	V	TRB	3prime
chr7_KI270803v1_alt	620079	620878	TRBV18	V	TRB	3prime
chr7_KI270803v1_alt	623196	623995	TRBV19	V	TRB	3prime
chr7_KI270803v1_alt	631062	631861	TRBV20-1	V	TRB	3prime
chr7_KI270803v1_alt	641033	641832	TRBV21-1	V	TRB	3prime
chr7_KI270803v1_alt	645845	646644	TRBV22-1	V	TRB	3prime
chr7_KI270803v1_alt	650110	650909	TRBV23-1	V	TRB	3prime
chr7_KI270803v1_alt	659431	660230	TRBV24-1	V	TRB	3prime
chr7_KI270803v1_alt	673798	674597	TRBV25-1	V	TRB	3prime
chr7_KI270803v1_alt	684411	685210	TRBVA	V	TRB	3prime
chr7_KI270803v1_alt	698734	699533	TRBV26	V	TRB	3prime
chr7_KI270803v1_alt	714506	715305	TRBVB	V	TRB	3prime
chr7_KI270803v1_alt	718444	719243	TRBV27	V	TRB	3prime
chr7_KI270803v1_alt	723743	724542	TRBV28	V	TRB	3prime
chr7_KI270803v1_alt	743488	744287	TRBV29-1	V	TRB	3prime
chr7_KI270803v1_alt	834759	835558	TRBV30	V	TRB	3prime
chr8	47201644	47202443	IGLV8OR8-1	V	IGL	3prime
chr9	33618509	33619308	TRBV20OR9-2	V	TRB	3prime
chr9	33629587	33630386	TRBV21OR9-2	V	TRB	3prime
chr9	33634247	33635046	TRBV22OR9-2	V	TRB	3prime
chr9	33638495	33639294	TRBV23OR9-2	V	TRB	3prime
chr9	33649615	33650414	TRBV24OR9-2	V	TRB	3prime
chr9	33662664	33663463	TRBV25OR9-2	V	TRB	3prime
chr9	33696060	33696859	TRBV26OR9-2	V	TRB	3prime
chr9	33786829	33787628	TRBV29OR9-2	V	TRB	3prime
chr9	40641041	40641840	IGKV1OR9-2	V	IGK	3prime
chr9	64764254	64765053	IGKV1OR-2	V	IGK	3prime
chr9	65249743	65250542	IGKV1OR9-1	V	IGK	3prime
chr9	65771435	65772234	IGKV1OR-3	V	IGK	3prime
